[
  {
    "id": "567bbc09-9e1f-4e5c-ad49-0efc54d074fb",
    "data": [
      {
        "text": "gracias",
        "userDefined": false
      }
    ],
    "isTemplate": false,
    "count": 2,
    "updated": 0
  },
  {
    "id": "812d6f83-fcfb-41f8-8c70-07b9e27c649a",
    "data": [
      {
        "text": "muchas",
        "meta": "@sys.ignore",
        "userDefined": false
      },
      {
        "text": " gracias",
        "userDefined": false
      }
    ],
    "isTemplate": false,
    "count": 0,
    "updated": 0
  }
]